727344064 , DAINA , FASSETT , 8614 LIPSEY PKWY , LEWISTON , 5595
222743521 , MIKI , MCSHANE , 2220 KIEL PKWY , ROCHERT , 5657
581993933 , GIANNA , LAFAVE , 5933 JAWORSKI RD , UTICA , 5597
949638481 , TERISA , BULLER , 808 BLAZER BLVD , NEW GERMANY , 5536
330287180 , JAYMIE , HOUSLEY , 3440 PAULUS ST , PUPOSKY , 5666
516133562 , GAYNELLE , GLIDEWELL , 1251 REVELL AVE , ELMORE , 5602
699061261 , KARENA , STANDRIDGE , 9801 LOWTHER ST , ALDEN , 5600
125859470 , SHARIE , CANCEL , 8562 MCGAHA BLVD , CUSSON , 5577
715174459 , JACELYN , STCYR , 6934 LAUDERDALE ST , MAPLE PLAIN , 5557
250198926 , LACHELLE , ABSHER , 9569 REVELL ST , YOUNG AMERICA , 5555
935075668 , BLOSSOM , ANDINO , 3045 LIPSEY AVE , FDCI , 5639
564068468 , MARLINE , BACKER , 8517 DUDEK BLVD , SAINT PAUL , 5512
525322350 , MARAGRET , CIMINO , 4331 SQUIRE ST , NORWOOD YOUNG AMERI , 5547
362170285 , JALISA , CLARE , 1035 TO RD , GOODVIEW , 5598
370816642 , LALA , REVELL , 4492 MCCREADY ST , MINNEAPOLIS , 5543
703782023 , MARIKO , KOWALCZYK , 1235 DUDEK ST , IRON , 5575
902727979 , JANEE , DUSTIN , 8720 TELLES ST , SAINT LOUIS PARK , 5541
801876079 , MENDY , HUNG , 7975 COLQUITT RD , PONTO LAKE , 5647
968576745 , MILDA , CORUM , 9422 TYNES ST , MINNESOTA LK , 5606
867948555 , SHANTELLE , TEDFORD , 1019 JAHNKE BLVD , WACONIA , 5538
30358242 , JOANNIE , ALBIN , 9765 MCGAHA PKWY , BEAR LAKE , 5572
574128035 , ALEASE , CANCEL , 7292 MCKINZIE AVE , DENNISON , 5501
827424168 , IVELISSE , PAULUS , 5253 RISINGER RD , MAPLEWOOD , 5514
207575842 , RHONA , SWAREY , 9537 TARTER PKWY , O BRIEN , 5666
169266259 , TAISHA , TEASLEY , 2525 VANEGAS BLVD , ECHO , 5623
93015344 , MITZIE , BENEDETTO , 1461 MARCHETTI PKWY , EYOTA , 5593
840357451 , GREGORY , RIENDEAU , 9457 MARROW RD , ST ANTHONY VILLAGE , 5542
183229836 , CLORINDA , VUONG , 498 HUDNALL PKWY , MINNEAPOLIS , 5540
854349374 , MICA , HERSHEY , 6661 KNEPPER PKWY , KELLOGG , 5594
204831563 , YASUKO , GORDY , 4172 MELNICK ST , WING RIVER , 5648
989248896 , DOMINICA , BLACKMORE , 373 LIPSEY RD , NORWOOD YOUNG AMERI , 5555
360260254 , MELDA , MULVEY , 9501 LENHART ST , LAMOILLE , 5598
102998729 , DOMINICA , ALBIN , 3270 GALLEGO RD , HAUGEN , 5578
447598208 , APOLONIA , JOUBERT , 1854 FASSETT PKWY , SAUM , 5665
643180102 , BERNARDINE , FOXWORTH , 5276 DIEGO BLVD , SAINT PAUL , 5518
833517553 , SAU , TAVAREZ , 3493 LAFONTAINE ST , KILKENNY , 5605
424976768 , BECKI , DAHLGREN , 3198 RABE PKWY , ALMELUND , 5500
935158398 , LATOYIA , COLQUITT , 4999 RUEDA PKWY , PRESTON , 5596
419405884 , BRETT , MAUNEY , 5693 RENSHAW PKWY , BIRCH BEACH , 5668
456462927 , YASMINE , LIPSEY , 4183 CANCEL ST , ALMORA , 5655
715973879 , SHANTELLE , REVELL , 4308 RISLEY RD , BAGLEY , 5662
731292185 , TREASA , MARCHETTI , 9385 MANZANARES BLVD , FARDEN , 5663
804487108 , AVERY , CLAYCOMB , 5455 NEVINS AVE , STACY , 5507
539401005 , UTE , STAMP , 8039 ZITO PKWY , YOUNG AMERICA , 5555
699061261 , KARENA , STANDRIDGE , 9801 LOWTHER ST , ALDEN , 5600
846661075 , JOANNIE , MENEFEE , 4350 HERTEL RD , JACOBSON , 5575
151878613 , KA , MULVEY , 1006 GEBHART RD , SUNRISE , 5505
988498289 , LUETTA , LESHER , 4838 CLARE PKWY , STUNTZ , 5574
969628550 , JACINDA , WALLEY , 4329 DUDEK PKWY , VERMILION DAM , 5577
34796783 , LATRISHA , WIGGS , 3596 NEVINS RD , NEVIS , 5646
211471283 , REYNALDA , PILLOW , 7778 BARBIERI RD , MINNEAPOLIS , 5547
642084802 , CHERY , BIGGERS , 8990 STRAHAN ST , MAPLE PLAIN , 5559
767603881 , KANDIS , RIEGER , 6388 LAFONTAINE RD , ORLEANS , 5673
968788518 , YURI , DUSTIN , 3001 SCHUTT ST , DOVRAY , 5612
910850002 , JOSPHINE , KOWALCZYK , 2239 RODRIQUES ST , SARATOGA , 5597
320595186 , GIANNA , KOWALCZYK , 9919 LIPSEY RD , TROSKY , 5614
501124907 , MISS , TAVAREZ , 70 SASS BLVD , SHOREVIEW , 5512
976554502 , LALA , RIDENHOUR , 2896 ALBIN RD , MENDOTA HTS , 5512
590243043 , KRISSY , RICHERSON , 4569 SHOULDERS BLVD , GILMAN , 5633
16937946 , YULANDA , LOWTHER , 7174 HERSHEY ST , FRANCONIA , 5507
85115382 , ROXY , LENHART , 4444 KNISLEY ST , DULUTH , 5580
911602926 , MAILE , SESSION , 8557 LESHER RD , RENO , 5591
480705405 , KENDA , GALLEGO , 1971 TOLLE ST , MILACA , 5635
642084802 , CHERY , BIGGERS , 8990 STRAHAN ST , MAPLE PLAIN , 5559
419403354 , CREOLA , CORUM , 3081 RICHERSON BLVD , GARFIELD , 5633
406223434 , WEN , PENNER , 8925 LELAND PKWY , MINN , 5544
976554502 , LALA , RIDENHOUR , 2896 ALBIN RD , MENDOTA HTS , 5512
156376760 , CREOLA , BIGGERS , 4027 COLQUITT PKWY , NOWTHEN , 5533
968788518 , YURI , DUSTIN , 3001 SCHUTT ST , DOVRAY , 5612
796053098 , WILLIEMAE , RENSHAW , 3823 BROWNFIELD BLVD , WARBA , 5579
512299024 , THORA , KNISLEY , 834 MCCOMB ST , STANCHFIELD , 5508
701397724 , TOMIKO , HUTH , 5703 ANDRESS RD , ZERKEL , 5662
426335146 , PAULENE , CARLEY , 4729 MOYNIHAN ST , SILICA , 5574
525793680 , REAGAN , ENDRES , 9652 TYNES RD , MACVILLE , 5578
406320855 , YASMINE , LINES , 2569 AUBIN RD , WEST UNION , 5637
935150776 , AURORE , KIEL , 2451 ABSHER PKWY , BALATON , 5611
701397724 , TOMIKO , HUTH , 5703 ANDRESS RD , ZERKEL , 5662
149590284 , TASIA , COLOMBO , 8748 HOUSLEY BLVD , DODGE CENTER , 5592
410981823 , ARIANNE , WINE , 7493 GLIDEWELL AVE , HOLST , 5665
